Country,Distancing policy ,Date Implemented,Date Ended,Source,
Algeria,Air and sea travel suspended with all European countries,19 March,,https://www.tsa-algerie.com/alerte-lalgerie-suspend-ses-liaisons-aeriennes-et-maritimes-avec-leurope/,
Algeria, "Political, sports, economic and cultural gatherings",	10 March, ,https://www.garda.com/crisis24/news-alerts/321536/algeria-government-restricts-public-gatherings-nationwide-march-10-update-2,																						
Algeria, Closure of land borders,	17 March,	,	https://www.garda.com/crisis24/news-alerts/325896/algeria-government-implements-lockdown-and-curfew-in-blida-and-algiers-march-23-update-7,																						
Algeria,	Full lockdown,	23 March, ,	https://www.garda.com/crisis24/news-alerts/325896/algeria-government-implements-lockdown-and-curfew-in-blida-and-algiers-march-23-update-7,																						
Algeria,	Curfew 7pm to 7am,	23 March,	,	https://www.garda.com/crisis24/news-alerts/325896/algeria-government-implements-lockdown-and-curfew-in-blida-and-algiers-march-23-update-7,																						
Angola,15 days border closure,20 March,4 April,https://www.norway.no/en/angola/norway-angola/news-and-events/angola-strengthens-security-measures-due-to-coronavirus--covid-19/,
Angola,Suspension of flights,20 March,4 April,https://www.norway.no/en/angola/norway-angola/news-and-events/angola-strengthens-security-measures-due-to-coronavirus--covid-19/,
Angola,Closure of schools,24 March,,https://www.upstreamonline.com/safety/sonangol-official-one-of-two-covid-19-cases-in-angola-report/2-1-779461,
Benin,Suspension of international flights,,,https://www.aci-africa.aero/files/Status-COVID19-in-Africa-02-04-20.pdf,
Benin,Entry visas restricted,19 March,,https://www.gov.uk/foreign-travel-advice/benin/coronavirus,
Benin,Border with Togo closed,7 April,,https://www.gov.uk/foreign-travel-advice/benin/coronavirus,
Botswana,Closure of borders,24 March,,https://www.voanews.com/science-health/coronavirus-outbreak/botswana-no-covid-19-cases-closes-borders-after-death-zimbabwe,
Botswana,Mandatory 14 days quarantine,24 March,,https://www.voanews.com/science-health/coronavirus-outbreak/botswana-no-covid-19-cases-closes-borders-after-death-zimbabwe,
Botswana,Suspension of all flights,16 March,,http://www.mmegi.bw/index.php?aid=84896&dir=2020/march/16,
Botswana,Suspension of all social gatherings of more than 100 people,16 March,15 April,http://www.mmegi.bw/index.php?aid=84896&dir=2020/march/16,
Botswana,Suspension of all public transport,16 March,,http://www.dailynews.gov.bw/news-details.php?nid=55255,
Botswana,State of public emergency,2 April,2 October,https://drive.google.com/file/d/1SMuG_sIy5Aw8sb5W6t3kOxOzV1mGH1lE/view,
Burkina Faso,"Closure of airports, land borders",21 March,5 April,https://www.bloomberg.com/news/articles/2020-03-21/burkina-faso-mines-minister-tests-positive-for-coronavirus,
Burkina Faso,Nationwide curfew,20 March,,https://www.bloomberg.com/news/articles/2020-03-21/burkina-faso-mines-minister-tests-positive-for-coronavirus,
Burundi,14 day quarantine for travellers coming from selected countries,17 March,,http://www.china.org.cn/world/Off_the_Wire/2020-03/17/content_75824457.htm,
Burundi,Lockdown,1 April,29 April,https://www.africanews.com/2020/04/04/coronavirus-hub-impact-of-outbreak-across-africa/,
Cameroon,"Closure of land, air and sea borders",18 March,,https://information.tv5monde.com/video/coronavirus-le-cameroun-ferme-ses-frontieres,
Cameroon,Social distancing preventive measures implemented,13 April,,https://twitter.com/CRTV_web/status/1248370100622757888,
Cameroon,Coronavirus test campaign,30 March,April 6,http://www.rfi.fr/fr/afrique/20200331-coronavirus-cameroun-le-silence-paul-biya-face-%C3%A0-l%C3%A9pid%C3%A9mie-fait-parler,
Cape Verde,Suspension of all incoming flights except for returning citizens,18 March,8 April,https://www.cnn.com/travel/article/coronavirus-travel-bans/index.html,
Cape Verde,State of emergency,29 March,19 April,https://www.insp.gov.cv/index.php/component/content/article/105-slideshow/406-declaracao-de-estado-de-emergencia-pelo-presidente-da-republica-de-cabo-verde?Itemid=437,
Cape Verde,Closure of schools ,27 March,17 April,https://www.insp.gov.cv/index.php/component/content/article/105-slideshow/399-confira-as-novas-medidas-anunciadas-pelo-governo-no-ambito-da-prevencao-do-covid-19?Itemid=437,
Cape Verde,Suspension of public urban and interurban passenger transport,27 March,17 April,https://www.insp.gov.cv/index.php/component/content/article/105-slideshow/399-confira-as-novas-medidas-anunciadas-pelo-governo-no-ambito-da-prevencao-do-covid-19?Itemid=437,
Central African Republic,Ban of passengers coming from countries with local transmission,27 March,10 April,https://www.news24.com/Africa/News/central-african-republic-steps-up-measures-after-virus-case-20200327,
Chad,Shut down of airports except cargo flights,19 March,10 April,https://medicalxpress.com/news/2020-03-chad-airports-coronavirus.html,
Comoros,Ban of public gatherings and school closure,23 March,,https://www.gov.uk/foreign-travel-advice/comoros/coronavirus,
Comoros,Travel restrictions on all international flights,23 March,,https://www.gov.uk/foreign-travel-advice/comoros/coronavirus,
Democratic Republic of the Congo,"Shutdown of schools, bars, restaurants and places of worship",19 March,,https://www.aa.com.tr/en/africa/democratic-republic-of-congo-sees-1st-coronavirus-death/1774644,
Democratic Republic of the Congo,Suspension of flights,19 March,,https://www.aa.com.tr/en/africa/democratic-republic-of-congo-sees-1st-coronavirus-death/1774644,
Democratic Republic of the Congo,State of emergency and border closure,24 March,,https://www.france24.com/en/20200325-dr-congo-president-imposes-state-of-emergency-to-contain-coronavirus-outbreak,
Djibouti,All commercial passenger flights and trains stopped,18 March,28 April,https://www.worldaware.com/covid-19-alert-african-countries-tightening-travel-restrictions-april-2,
Egypt,Suspended flights,19 March,31 March,http://northafricapost.com/39550-coronavirus-egyptian-private-airlines-seek-government-intervention.html,
Egypt,"Closure of restaurants, cafes and public places from 7pm to 6 am",19 March,31 March,https://egyptindependent.com/egypt-closes-restaurants-cafes-commercial-shops-overnight-until-march-31/?__cf_chl_jschl_tk__=97064f8e08baca981070ae1bfed4bab4637a7516-1586892392-0-ATheg0ojPHbDPWKYZHjktnfIjtg6PIk0WiPca7GZHrg-1Bkm4YDoNivgDWaRPWaNXQkQVMWoWgxE21tiL9PV5LDMZxzAPlMtlbw4i0IE5YRd6OmLpDFz7C8Hqz925Qijc5RJ7wyiPNGjxkdQj1QfBAJY6ZiKSm6YA9zNNa2XjoO5f2goJ5qdYALUzxfBmR_GVFDVuPd5ptxe3Thu11WD-86N2b9hFYKkmQAn9dDnRKu5Kf7GbwzyRePP7ePH5qRlr5XfhKeykhJBC0K39s3NFI-nYCS3XrfJ5nGjS86QsNwXUCoc0_NSqu0YV3fhQW9y-JqvPQKRC9pN8fZlrsuU-_slxK7QBr1jFcGA4TtGdXJpjTxjxEClyx1m--Ws0AuIMA,
Equatorial Guinea,Declared a national state of emergency,23 March,,https://www.aa.com.tr/en/africa/equatorial-guinea-declares-state-of-alarm-over-covid-19/1774801,
Equatorial Guinea,Suspensions of all international flights,13 March,13 April,https://www.garda.com/crisis24/news-alerts/323826/equatorial-guinea-government-implements-travel-restrictions-due-to-covid-19-march-13,
Equatorial Guinea,Border closure,13 March,13 April,https://www.garda.com/crisis24/news-alerts/323826/equatorial-guinea-government-implements-travel-restrictions-due-to-covid-19-march-13,
Eritrea,Suspension of all flights ,25 March,15 April,https://www.africanews.com/2020/04/14/eritrea-s-coronavirus-rules-chinese-italians-iranians-to-be-quarantined/,
Eritrea,Closure of restaurants and other service outlets,31 March,14 April,https://www.africanews.com/2020/04/14/eritrea-s-coronavirus-rules-chinese-italians-iranians-to-be-quarantined/,
Eritrea,Ban of social and public gatherings of more than 10 people,23 March,,https://www.africanews.com/2020/04/14/eritrea-s-coronavirus-rules-chinese-italians-iranians-to-be-quarantined/,
Eritrea,Closure of all public transportation,27 March,,https://www.africanews.com/2020/04/14/eritrea-s-coronavirus-rules-chinese-italians-iranians-to-be-quarantined/,
Eritrea,Closure of universities and schools,27 March,,https://www.africanews.com/2020/04/14/eritrea-s-coronavirus-rules-chinese-italians-iranians-to-be-quarantined/,
Eritrea,National lockdown,2 April,21 April,https://www.africanews.com/2020/04/14/eritrea-s-coronavirus-rules-chinese-italians-iranians-to-be-quarantined/,
Eswatini,All commercial flights suspended,27 March,,https://www.aci-africa.aero/files/Status-COVID19-in-Africa-02-04-20.pdf,
Eswatini,Partial Lockdown,27 March,,https://www.africanews.com/2020/03/24/coronavirus-eswatini-prime-minister-s-statement//,
Eswatini,National emergency,17 March,,https://www.cnbcafrica.com/africa-press-office/2020/03/23/coronavirus-estawini-measures-to-be-taken-following-the-national-emergency-declaration/,
Eswatini,Domestic travel restrictions,26 March,15 April,https://www.garda.com/crisis24/news-alerts/326956/eswatini-partial-lockdown-comes-into-effect-march-27-update-1,
Ethiopia,Mandatory quarantine,23 March,,https://www.aljazeera.com/news/2020/03/coronavirus-travel-restrictions-border-shutdowns-country-200318091505922.html,
Ethiopia,State of emergency,10 April,10 September,https://www.fanabc.com/english/ethiopia-declares-state-of-emergency-over-covid19/,
Ethiopia,Closure of schools and ban on public events,16 March,31 March,https://www.aa.com.tr/en/africa/covid-19-ethiopia-closes-schools-bans-public-events/1767683,
Ethiopia,Closure of land borders,23 March,,https://www.bloomberg.com/news/articles/2020-03-23/ethiopia-closes-land-border-deploys-troops-to-combat-virus,
Ethiopia,Suspension of Ethiopian Airlines,20 March,,https://www.aljazeera.com/news/2020/03/coronavirus-travel-restrictions-border-shutdowns-country-200318091505922.html,
Gabon,Travel restrictions from China,7 February,,http://www.gouvernement.ga/5-conseil-des-ministres/3638-annee-2020/3661-communique-du-gouvernement-sur-l-epidemie-de-coronavirus/,
Gabon,Reduction of international flight frequencies to one per week,22 March,,,
Gabon,Schools closed,14 March,30 March,https://www.africanews.com/2020/03/14/covid-19-gabon-shuts-stops-issuing-tourist-visas-to-citizens-of-hardest-hit/,
Gambia,Suspension of all international flights,13 March,3 April,https://foroyaa.net/gambia-suspends-overseas-travels-by-public-officials-to-curb-spread-of-coronavirus/,https://en.wikipedia.org/wiki/2020_coronavirus_pandemic_in_the_Gambia#cite_note-7
Gambia,Closure of shared border with Senegal except for essential services,23 March,21 April,https://www.aa.com.tr/en/africa/covid-19-gambia-senegal-to-close-border-for-21-days/1776298,
Gambia,Closure of all universities and schools,17 March,,https://www.aa.com.tr/en/africa/covid-19-gambia-senegal-to-close-border-for-21-days/1776298,
Gambia,Closure of airspace,23 March,13 April,https://www.aa.com.tr/en/africa/covid-19-gambia-senegal-to-close-border-for-21-days/1776298,
Gambia,Ban on all public gatherings of more than 10 people,18 March,,https://www.aa.com.tr/en/africa/covid-19-gambia-senegal-to-close-border-for-21-days/1776298,
Gambia,Closure of nonessential markets and shopping areas ,27 March,,https://www.freedomnewspaper.com/2020/03/27/barrow-declares-a-state-of-emergency-amid-corona-infection-cases-in-the-gambia/,
Gambia,State of emergency,27 March,,https://www.freedomnewspaper.com/2020/03/27/barrow-declares-a-state-of-emergency-amid-corona-infection-cases-in-the-gambia/,
Gambia,Provision of personal protective equipments,30 March,,https://reliefweb.int/report/gambia/gambia-receives-support-contain-spread-covid-19,
Ghana,Travel restrictions to foreigners,15 March,,https://citinewsroom.com/2020/03/coronavirus-travellers-from-countries-with-over-200-cases-wont-be-allowed-in-ghana/,
Ghana,Disinfections of local markets,23 March,24 March,https://www.graphic.com.gh/news/general-news/markets-in-accra-tema-being-disinfected-to-prevent-coronavirus-spread.html,
Ghana,Partial lockdown of some cities,30 March,13 April,https://www.graphic.com.gh/news/politics/accra-tema-kasoa-and-kumasi-under-partial-lockdown.html,
Ghana,Border closure,23 March,6 April,https://www.graphic.com.gh/news/general-news/ghana-news-coronavirus-borders-closed-directive-will-last-2-weeks.html,
Guinea,Airports closed,22 March,,https://www.aci-africa.aero/files/Status-COVID19-in-Africa-02-04-20.pdf,
Guinea-Bissau,All international flights suspended except cargo and humanitarian flights,03 April,,https://www.icao.int/safety/Pages/COVID-19-Airport-Status.aspx,
Guinea-Bissau,Closure of all borders,7 February,,https://www.gov.uk/foreign-travel-advice/guinea-bissau/coronavirus,
Guinea-Bissau,State of emergency,3 April,,https://www.garda.com/crisis24/news-alerts/329081/guinea-bissau-nationwide-state-of-emergency-in-effect-as-of-april-3-due-to-covid-19-update-1,
Guinea,State of emergency,27 March,27 April,https://www.panapress.com/Coronavirus-Guinea-declares-30-d-a_630634530-lang2.html,
Ivory Coast,Closure of all borders,22 March,,http://www.gouv.ci/_actualite-article.php?recordID=10972,
Ivory Coast,State of emergency and travel restrictions,23 March,,https://www.afrique-sur7.fr/439575-covid-19-isolement-abidjan-erreur,
Ivory Coast,Closure of borders,17 March,1 April,https://www.outlookindia.com/newsscroll/west-africa-clamps-down-on-borders-as-coronavirus-cases-rise/1765949/,
Ivory Coast,Closure of all public places,26 March,,https://www.afrique-sur7.fr/439575-covid-19-isolement-abidjan-erreur,
Ivory Coast,Nationwide curfew from 9pm to 5am,23 March,,https://www.reuters.com/article/health-coronavirus-senegal-ivorycoast/ivory-coast-senegal-declare-emergencies-impose-curfews-in-coronavirus-response-idUSL8N2BG9MO,
Ivory Coast,Restrictions of local transportations except for essential services,29 March,,https://www.afrique-sur7.fr/439633-tension-peage-isolement-abidjan,
Ivory Coast,Closure of schools and universities,17 March,16 April,https://www.outlookindia.com/newsscroll/west-africa-clamps-down-on-borders-as-coronavirus-cases-rise/1765949/,
Ivory Coast,"Closure of restaurants, clubs, cinemas",17 March,1 April,https://www.outlookindia.com/newsscroll/west-africa-clamps-down-on-borders-as-coronavirus-cases-rise/1765949/,
Kenya,Travel ban in and out of Kenya,"April 6, 2020",,https://www.nytimes.com/aponline/2020/04/06/world/africa/ap-af-virus-outbreak-africa.html,
Kenya,Suspension of international flights,"March 23, 2020",,https://www.nytimes.com/article/coronavirus-travel-restrictions.html,
Kenya,Closure of restaurants and bars except for takeout,"March 22, 2020",,https://www.kenya-today.com/news/breaking-8-new-coronavirus-cases-search-for-363-persons-who-had-contact-with-victims-continues,
Kenya,Nationwide curfew from 7pm to 5am,"March 27, 2020",,https://www.standardmedia.co.ke/article/2001366037/sticks-stones-and-broken-bones-in-first-curfew-night,
Lesotho,Closure of all borders,13 March,,https://www.iol.co.za/the-star/news/covid-19-lesotho-seals-borders-amid-infection-fears-while-sa-tourism-suffers-44770854,
Lesotho,National emergency,18 March,17 April,https://ewn.co.za/2020/03/19/lesotho-declares-national-emergency-over-covid-19-outbreak,
Lesotho,Lockdown,29 March,21 April,https://www.sowetanlive.co.za/news/africa/2020-03-26-lesotho-to-implement-3-week-lockdown-from-sunday/,
Liberia,National health emergency declared,22 March,,https://www.aljazeera.com/news/2020/04/liberia-braces-coronavirus-defunct-health-system-200403134851258.html,
Liberia,Travel ban,16 March,,https://www.aljazeera.com/news/2020/04/liberia-braces-coronavirus-defunct-health-system-200403134851258.html,
Libya,11- hour nationwide curfew,25 March,,,
Libya,Suspension of all flights,16 March,6 April,https://www.aljazeera.com/news/2020/03/coronavirus-travel-restrictions-border-shutdowns-country-200318091505922.html,
Madagascar,Travel ban on all flights,20 March,19 April,http://mg2.mofcom.gov.cn/article/chinanews/202003/20200302946118.shtml,
Madagascar,Suspension of flights to Madagascar,20 March,20 April,https://www.aljazeera.com/news/2020/03/coronavirus-travel-restrictions-border-shutdowns-country-200318091505922.html,
Malawi,Ban of public gatherings of more than 100 people,20 March,,https://www.nyasatimes.com/mutharika-lays-out-malawi-response-plan-on-coronavirus-bans-gatherings-of-100-people-schools-closing/,
Malawi,Closure of public and private institutions,23 March,,https://www.nyasatimes.com/mutharika-lays-out-malawi-response-plan-on-coronavirus-bans-gatherings-of-100-people-schools-closing/,
Malawi,Travel ban on foreigners from highly affected countries,20 March,,https://www.nyasatimes.com/mutharika-lays-out-malawi-response-plan-on-coronavirus-bans-gatherings-of-100-people-schools-closing/,
Mali,Suspension of flights,19 March,,https://www.aa.com.tr/en/africa/mali-suspends-flights-from-covid-19-hit-countries-/1769908,
Mali,Closure of schools,19 March,,https://www.aa.com.tr/en/africa/mali-suspends-flights-from-covid-19-hit-countries-/1769908,
Mali,Ban of public gatherings,19 March,,https://www.aa.com.tr/en/africa/mali-suspends-flights-from-covid-19-hit-countries-/1769908,
Mauritania,Flight cancellations,17 March,,https://www.africanews.com/2020/03/21/covid-19-mauritania-enforces-curfew/,
Mauritania,Curfew 8pm to 6am,19 March,,https://www.africanews.com/2020/03/21/covid-19-mauritania-enforces-curfew/,
Mauritania,14 days quarantine for passengers,17 March,,https://www.garda.com/crisis24/news-alerts/323971/mauritania-all-flights-suspended-on-march-17-update-2,
Mauritania,Closure of schools and universities,16 March,23 March,https://www.africanews.com/2020/03/21/covid-19-mauritania-enforces-curfew//,
Mauritius,All foreign nationals will not be allowed entry to or transit through the country,March 19,2 April,https://www.cnbcafrica.com/africa-press-office/2020/03/23/3-cases-of-covid-19-reported-in-mauritius/,
Mauritius,"All passengers, including Mauritian nationals and residents, will not be allowed entry to or transit through the country",March 22,5 April,https://www.cnbcafrica.com/africa-press-office/2020/03/23/3-cases-of-covid-19-reported-in-mauritius/,
Mauritius,Sanitary curfew,March 23,15 April,https://defimedia.info/info-soiree-covid-19-le-couvre-feu-sanitaire-etendu-au-15-avril,
Mauritius,National confinement from 6 am,March 20,3 April,https://defimedia.info/breaking-news-covid-19-pravind-jugnauth-annonce-un-confinement-national,
Mauritius,Supermarkets and shops closed,March 24,2 April,https://ionnews.mu/video-covid-19-lockdown-renforce-supermarches-et-boulangeries-fermes-jusquau-31-mars-24032020/,
Mauritius,Complete lockdown,March 24,4 May,https://ionnews.mu/video-covid-19-lockdown-renforce-supermarches-et-boulangeries-fermes-jusquau-31-mars-24032020/,
Morocco,"Travel suspension to Algeria, Spain and France and school suspension",13 March,,https://www.lemonde.fr/afrique/article/2020/03/13/covid-19-le-maroc-boucle-ses-liaisons-aeriennes-et-maritimes-vers-l-espagne-la-france-et-l-algerie_6032978_3212.html,
Morocco,Suspends all international flight,15 March,,https://www.reuters.com/article/us-health-coronavirus-morocco-flights/morocco-suspends-all-international-passenger-flights-foreign-ministry-idUSKBN2120QQ,
Morocco,Shutdown of schools,16 March,,http://www.mapnews.ma/en/actualites/general/courses-suspended-morocco-march-16-until-further-notice,
Morocco,State of emergency,20 March,20 April,https://www.moroccoworldnews.com/2020/03/296213/covid-19-morocco-declares-public-health-emergency/,
Morocco,Compulsory face mask wearing,7 April,,https://www.hespress.com/societe/466595.html,
Mozambique,Suspension of visa issuances ,23 March,22 April,http://apanews.net/en/news/mozambique-suspends-new-visas-for-chinese-nationals-over-coronavirus-fears,
Mozambique,State of emergency,1 April,30 April,https://allafrica.com/stories/202003310890.html,
Mozambique,Closure of universities and schools,22 March,21 April,https://allafrica.com/stories/202003200758.html,
Namibia,"Suspension of air travels from Ethiopia, Germany and Qatar",14 March,13 April,https://www.namibian.com.na/89251/read/Namibia-battles-coronavirus,
Namibia,No public gatherings,14 March,13 April,https://www.namibian.com.na/89251/read/Namibia-battles-coronavirus,
Namibia,Partial lockdown,27 March,17 April,https://www.namibian.com.na/89582/read/Partial-lockdown-in-effect-from-Friday,
Niger,Educational establishments and land borders closed,16 March,,https://medicalxpress.com/news/2020-03-niger-coronavirus-case.html,
Niger,Closure of Niamey International airport,19 March,2 April,https://www.aci-africa.aero/files/Status-COVID19-in-Africa-02-04-20.pdf,
Nigeria,National Youth Service Corps (NYSC) was suspended,18 March,,https://www.thecable.ng/breaking-nysc-shuts-orientation-camps-over-coronavirus-fears,
Nigeria,Travel ban and suspension of visa on arrival,21 March,18 April,https://punchng.com/breaking-fg-places-travel-ban-on-china-italy-us-uk-others/,
Nigeria,Mandatory 14 days self isolation,21 March,,https://punchng.com/breaking-fg-places-travel-ban-on-china-italy-us-uk-others/,
Nigeria,Ban of all public gatherings of more than 50 people,18 March,17 April,https://punchng.com/breaking-lagos-bans-religious-gathering-with-over-50-worshippers/,
Nigeria,Suspension of football activities,18 March,15 April,https://punchng.com/breaking-nff-shuts-down-football-activities-for-28-days/,
Nigeria,"Closure of 3 international airports in Kano, Enugu and Port Harcourt respectively",21 March,18 April,https://www.vanguardngr.com/2020/03/covid-19-fg-shuts-enugu-port-harcourt-and-kano-airports/,
Nigeria,Suspension of railway services,23 March,,https://punchng.com/breaking-fg-suspends-railway-services-monday-as-coronavirus-cases-increase/,
Nigeria,"Partial Lockdown of 3 key states-Lagos, Abuja and Ogun",29 March,27 April,https://www.cnbcafrica.com/coronavirus/2020/04/13/covid-19-nigeria-extends-lockdown-by-two-weeks-in-lagos-abuja-ogun-states/,
Nigeria,Closure of Lagos and Abuja international airports,23 March,20 April,https://www.aljazeera.com/news/2020/03/coronavirus-travel-restrictions-border-shutdowns-country-200318091505922.html,
Republic of the Congo,Closure of borders and all airports,,,,
Republic of the Congo,Curfew from 8pm to 5 am,31 March,30 April,https://www.africanews.com/2020/03/30/congo-republic-heads-into-coronavirus-lockdown//,
Republic of the Congo,State lockdown,31 March,30 April,https://www.africanews.com/2020/03/30/congo-republic-heads-into-coronavirus-lockdown//,
Rwanda,Nationwide shutdown,21 March,,https://atlanticcouncil.org/blogs/africasource/rwandas-successes-and-challenges-in-response-to-covid-19/,
Rwanda,Travel ban except emergency and cargo flights,21 March,20 April,https://atlanticcouncil.org/blogs/africasource/rwandas-successes-and-challenges-in-response-to-covid-19/,
Rwanda,Lock down and closure of non-essential businesses,21 March,4 April,https://atlanticcouncil.org/blogs/africasource/rwandas-successes-and-challenges-in-response-to-covid-19/,
Sao Tome and Principe,Travel ban,19 March,17 April,https://www.gov.uk/foreign-travel-advice/sao-tome-and-principe/coronavirus,
Sao Tome and Principe,Restrictions of entry of travelers,11 March,,https://www.garda.com/crisis24/news-alerts/321991/sao-tome-and-principe-entry-restrictions-in-place-as-of-march-11,
Sao Tome and Principe,Closure of public and private schools ,20 March,,https://macauhub.com.mo/2020/03/18/pt-paises-africanos-de-lingua-portuguesa-alargam-medidas-de-prevencao-ao-covid-19/,
Sao Tome and Principe,"Closure of entertainment, religious, sports and recreational events",20 March,,https://macauhub.com.mo/2020/03/18/pt-paises-africanos-de-lingua-portuguesa-alargam-medidas-de-prevencao-ao-covid-19/,
Senegal,Closure of public spaces and gatherings,23 March,,https://www.aa.com.tr/en/africa/covid-19-gambia-senegal-to-close-border-for-21-days/1776298,
Senegal,Nationwide curfew- 8pm to 6am,23 March,,https://www.reuters.com/article/health-coronavirus-senegal-ivorycoast/ivory-coast-senegal-declare-emergencies-impose-curfews-in-coronavirus-response-idUSL8N2BG9MO,
Senegal,Travel restrictions- international flights,20 March,18 April,https://www.reuters.com/article/health-coronavirus-senegal-ivorycoast/ivory-coast-senegal-declare-emergencies-impose-curfews-in-coronavirus-response-idUSL8N2BG9MO,
Seychelles,Temporary closure of cruise ships,9 March,,http://www.seychellesnewsagency.com/articles/12601/Seychelles+and+COVID-+Travel+ban+on+Europeans%3B+th+case+reported,
Sierra Leone,3 day lockdown,5 April,7 April,https://africafeeds.com/2020/04/01/sierra-leone-imposes-3-day-nationwide-lockdown-over-covid-19/,
Sierra Leone,14 days inter-district travel restricted,11 April,25 April,https://www.facebook.com/mic.gov.sl/photos/pcb.607921269795889/607921186462564/?type=3&theater,
Sierra Leone,Nationwide curfew- 9pm to 6am,11 April,25 April,https://www.facebook.com/mic.gov.sl/photos/pcb.607921269795889/607921186462564/?type=3&theater,
Sierra Leone,Limitations on retail trade to essential utilities,11 April,25 April,https://www.facebook.com/mic.gov.sl/photos/pcb.607921269795889/607921186462564/?type=3&theater,
Sierra Leone,Stay at home order ,11 April,25 April,https://www.facebook.com/mic.gov.sl/photos/pcb.607921269795889/607921186462564/?type=3&theater,
Sierra Leone,12 Month state of emergency,25 March,,https://www.aa.com.tr/en/africa/sierra-leone-declares-12-month-state-of-emergency-/1778433,
Somalia,Closure of all airports,19 March,3 April,https://www.aci-africa.aero/files/Status-COVID19-in-Africa-02-04-20.pdf,
Somalia,Closure of universities and school,19 March,3 April,https://www.aljazeera.com/news/2020/03/coronavirus-pandemic-experts-somalia-risk-greater-china-200319052938789.html,
Somalia,Suspensions of international flights,18 March,2 April,https://www.aa.com.tr/en/africa/somalia-tanzania-confirm-first-coronavirus-cases/1767971,
South Africa,35 land ports closed,16 March,,http://www.thepresidency.gov.za/press-statements/statement-president-cyril-ramaphosa-measures-combat-covid-19-epidemic.,
South Africa,Travel ban on foreign nationals from high risk countries,18 March,,http://www.thepresidency.gov.za/press-statements/statement-president-cyril-ramaphosa-measures-combat-covid-19-epidemic.,
South Africa,Schools closed,18 March,13 April,http://www.thepresidency.gov.za/press-statements/statement-president-cyril-ramaphosa-measures-combat-covid-19-epidemic.,
South Africa,21- day lockdown,23 March,30 April,https://businesstech.co.za/news/government/383927/ramaphosa-announces-21-day-coronavirus-lockdown-for-south-africa/,
South Africa,Face mask recommendation in public,10 April,,https://sacoronavirus.co.za/2020/04/10/dr-zweli-mkhize-recommends-the-widespread-use-of-cloth-masks/,
South Sudan,"Suspension of sports, political, social and religious gatherings",20 March,1 May,https://radiotamazuj.org/en/news/article/south-sudan-closes-schools-universities-amid-coronavirus-fears,
South Sudan,Closure of schools and universities,20 March,19 April,https://radiotamazuj.org/en/news/article/south-sudan-closes-schools-universities-amid-coronavirus-fears,
South Sudan,Suspension of flights to affected countries,14 March,,https://radiotamazuj.org/en/news/article/south-sudan-halts-flights-to-countries-affected-by-coronavirus,
South Sudan,Nightime curfew from 8p to 6am,25 March,,https://radiotamazuj.org/en/news/article/south-sudan-imposes-nighttime-curfew-over-coronavirus,
South Sudan,Upper Nile state lockdown,27 March,10 April,https://radiotamazuj.org/en/news/article/northern-upper-nile-under-lockdown-after-citizens-escaped-from-quarantine,
Sudan,Nationwide health emergency,16 March,,https://www.dabangasudan.org/en/all-news/article/sudan-declares-health-emergency-to-combat-coronavirus,
Sudan,Travel ban,16 March,,https://atlanticcouncil.org/blogs/africasource/coronavirus-comes-to-sudan/,
Sudan,Nationwide curfew 8pm to 6am,24 March,,https://atlanticcouncil.org/blogs/africasource/coronavirus-comes-to-sudan/,
Seychelles,Travel advisory- residents can't travel to places with local transmission,9 March,,https://www.aa.com.tr/en/africa/sierra-leone-declares-12-month-state-of-emergency-/1778433,
Seychelles,Travel ban except essential work,8 April,29 April,https://www.linfo.re/ocean-indien/seychelles/coronavirus-aux-seychelles-augmentation-des-controles-de-police-dans-l-archipel,
Seychelles,Prohibition on driving,8 April,29 April,https://www.linfo.re/ocean-indien/seychelles/coronavirus-aux-seychelles-augmentation-des-controles-de-police-dans-l-archipel,
Tanzania,Travel advisory/quarantine of all incoming travelers,23 March,,https://www.africanews.com/2020/03/24/coronavirus-tanzania-travel-advisory-no1-of-23032020-update-on-covid-19-in-tanzania//,
Tanzania,30- day ban on public gatherings,27 March,26 April,https://www.atlanticcouncil.org/blogs/africasource/tanzanias-mild-response-to-covid-19-and-its-implications-for-the-2020-elections/,
Togo,Closure of border,20 March,3 April,http://www.faapa.info/blog/togo-closes-borders-over-coronavirus/,
Togo,Prohibition of passengers from Schengen states,21 March,20 April,https://www.aci-africa.aero/files/Status-COVID19-in-Africa-02-04-20.pdf,
Togo,Quarantine of passengers,20 March,3 April,http://www.faapa.info/blog/togo-closes-borders-over-coronavirus/,
Togo,Suspension of flights and international events,19 March,9 April,https://www.togofirst.com/en/public-services/1703-5151-togolese-government-puts-in-place-an-emergency-fund-to-fight-coronavirus,
Togo,Suspension of large gatherings,19 March,,https://www.togofirst.com/en/public-services/1703-5151-togolese-government-puts-in-place-an-emergency-fund-to-fight-coronavirus,
Togo,Suspension of football,18 March,,https://www.togofirst.com/en/health/1803-5157-togolese-football-federation-suspends-all-competitions-due-to-the-coronavirus-threat,
Tunisia,Closure of borders and suspension of international flights,16 March,,https://observers.france24.com/en/20200319-coronavirus-continues-spread-tunisia-despite-mosque-cafe-closures,
Tunisia,Nationwide curfew 6pm to 6am,18 March,,https://observers.france24.com/en/20200319-coronavirus-continues-spread-tunisia-despite-mosque-cafe-closures,
Uganda,Mandatory quarantine,18 March,,,
Uganda,Closure of public gathering places,18 March,19 April,,
Uganda,Closure of schools and universities,20 March,19 April,https://www.theeastafrican.co.ke/news/ea/Museveni-orders-closure-of-schools/4552908-5495920-g6x714/index.html,
Uganda,Public transports suspended,25 March,8 April,https://www.monitor.co.ug/News/National/Photos-that-will-compel-you-cancel-your-journey-Kampala/688334-5505362-g3u0ib/index.html,
Uganda,Nationwide curfew from 7pm to 6:30 am,30 March,13 April,https://www.aa.com.tr/en/africa/uganda-declares-curfew-to-curb-spread-of-covid-19/1785775,
Uganda,All flights suspended,18 March,19 April,https://www.pmldaily.com/features/tours-travel/2020/03/full-speech-uganda-bans-travellers-from-covid-19-hit-countries.html,
Western Sahara,,,,,
Zambia,Closure of all educational establishments,20 March,,https://diggers.news/local/2020/03/17/govt-shuts-all-schools-to-prevent-covid-19-outbreak/,
Zambia,Mandatory screening,22 March,,https://diggers.news/local/2020/03/17/govt-shuts-all-schools-to-prevent-covid-19-outbreak/,
Zimbabwe,National emergency,17 March,,https://www.nbcnews.com/news/nbcblk/africa-lockdowns-begin-coronavirus-cases-above-1-000-n1168676,
Zimbabwe,Closure of some borders and screening intensified,24 March,,https://iharare.com/coronavirus-zim-update/,
Zimbabwe,Suspension of gatherings of more than 100 people,23 March,,https://iharare.com/coronavirus-zim-update/,
